"DateTime","Index Price"
"2021-05-15 00:00:00",49910.3
"2021-05-16 00:00:00",46721.71
"2021-05-17 00:00:00",46450.12
"2021-05-18 00:00:00",43572.5
"2021-05-19 00:00:00",42903
"2021-05-20 00:00:00",36936.2
"2021-05-21 00:00:00",40878.05
"2021-05-22 00:00:00",37303.56
"2021-05-23 00:00:00",37512.62
"2021-05-24 00:00:00",34735.44
"2021-05-25 00:00:00",38753.27
"2021-05-26 00:00:00",38426.39
"2021-05-27 00:00:00",39282.52
"2021-05-28 00:00:00",38431.45
"2021-05-29 00:00:00",35684.71
"2021-05-30 00:00:00",34622.21
"2021-05-31 00:00:00",35691.57
"2021-06-01 00:00:00",37316.73
"2021-06-02 00:00:00",36677.69
"2021-06-03 00:00:00",37569.22
"2021-06-04 00:00:00",39179.52
"2021-06-05 00:00:00",36873.4
"2021-06-06 00:00:00",35550.7
"2021-06-07 00:00:00",35829.57
"2021-06-08 00:00:00",33570.34
"2021-06-09 00:00:00",33452.07
"2021-06-10 00:00:00",37344.03
"2021-06-11 00:00:00",36676.7
"2021-06-12 00:00:00",37331.58
"2021-06-13 00:00:00",35521.84
"2021-06-14 00:00:00",39110.27
"2021-06-15 00:00:00",40548.17
"2021-06-16 00:00:00",40204.22
"2021-06-17 00:00:00",38842.94
"2021-06-18 00:00:00",38045.72
"2021-06-19 00:00:00",35743.82
"2021-06-20 00:00:00",35551.15
"2021-06-21 00:00:00",35639.33
"2021-06-22 00:00:00",31671.78
"2021-06-23 00:00:00",32487.88
"2021-06-24 00:00:00",33655.64
"2021-06-25 00:00:00",34662.82
"2021-06-26 00:00:00",31627.42
"2021-06-27 00:00:00",32154.34
"2021-06-28 00:00:00",34633.72
"2021-06-29 00:00:00",34440.29
"2021-06-30 00:00:00",35853.52
"2021-07-01 00:00:00",35048.6
"2021-07-02 00:00:00",33570.17
"2021-07-03 00:00:00",33852.21
"2021-07-04 00:00:00",34684.33
"2021-07-05 00:00:00",35309.48
"2021-07-06 00:00:00",34177.38
"2021-07-07 00:00:00",34234.18
"2021-07-08 00:00:00",33844.39
"2021-07-09 00:00:00",32886.81
"2021-07-10 00:00:00",33799.3
"2021-07-11 00:00:00",33512.45
"2021-07-12 00:00:00",34227.31
"2021-07-13 00:00:00",33151.95
"2021-07-14 00:00:00",32701.28
"2021-07-15 00:00:00",32817.77
"2021-07-16 00:00:00",31774.67
"2021-07-17 00:00:00",31412.23
"2021-07-18 00:00:00",31512.21
"2021-07-19 00:00:00",31787.86
"2021-07-20 00:00:00",30811.37
"2021-07-21 00:00:00",29802.29
"2021-07-22 00:00:00",32105.08
"2021-07-23 00:00:00",32299.54
"2021-07-24 00:00:00",33600.4
"2021-07-25 00:00:00",34295.15
"2021-07-26 00:00:00",35391.84
"2021-07-27 00:00:00",37346.42
"2021-07-28 00:00:00",39440.82
"2021-07-29 00:00:00",40020.09
"2021-07-30 00:00:00",40013.23
"2021-07-31 00:00:00",42245.82
"2021-08-01 00:00:00",41623.71
"2021-08-02 00:00:00",39946.7
"2021-08-03 00:00:00",39208.52
"2021-08-04 00:00:00",38118.59
"2021-08-05 00:00:00",39697.3
"2021-08-06 00:00:00",40876.38
"2021-08-07 00:00:00",42815.73
"2021-08-08 00:00:00",44454.15
"2021-08-09 00:00:00",43895.04
"2021-08-10 00:00:00",46186.04
"2021-08-11 00:00:00",45572.39
"2021-08-12 00:00:00",45483.37
"2021-08-13 00:00:00",44441.52
"2021-08-14 00:00:00",47761.75
"2021-08-15 00:00:00",47147.9
"2021-08-16 00:00:00",47090.05
"2021-08-17 00:00:00",45926.37
"2021-08-18 00:00:00",44741.25
"2021-08-19 00:00:00",44745.66
"2021-08-20 00:00:00",46729.87
"2021-08-21 00:00:00",49345.07
"2021-08-22 00:00:00",48880.2
"2021-08-23 00:00:00",49330.73
"2021-08-24 00:00:00",49447.99
"2021-08-25 00:00:00",47752.95
"2021-08-26 00:00:00",48998.92
"2021-08-27 00:00:00",46799.32
"2021-08-28 00:00:00",49064.74
"2021-08-29 00:00:00",48961.14
"2021-08-30 00:00:00",48794.41
"2021-08-31 00:00:00",46926.49
"2021-09-01 00:00:00",47060.57
"2021-09-02 00:00:00",48894.03
"2021-09-03 00:00:00",49279.92
"2021-09-04 00:00:00",49927.27
"2021-09-05 00:00:00",49942.91
"2021-09-06 00:00:00",51793.39
"2021-09-07 00:00:00",52685.95
"2021-09-08 00:00:00",46873.22
"2021-09-09 00:00:00",46031.45
"2021-09-10 00:00:00",46416.7
"2021-09-11 00:00:00",44893.28
"2021-09-12 00:00:00",45158.47
"2021-09-13 00:00:00",46015.43
"2021-09-14 00:00:00",44950.26
"2021-09-15 00:00:00",47135.17
"2021-09-16 00:00:00",48107.91
"2021-09-17 00:00:00",47785.41
"2021-09-18 00:00:00",47332.55
"2021-09-19 00:00:00",48287.85
"2021-09-20 00:00:00",47277.87
"2021-09-21 00:00:00",42929.5
"2021-09-22 00:00:00",40678.77
"2021-09-23 00:00:00",43553.49
"2021-09-24 00:00:00",44893.09
"2021-09-25 00:00:00",42852.78
"2021-09-26 00:00:00",42693.91
"2021-09-27 00:00:00",43138.64
"2021-09-28 00:00:00",42222.17
"2021-09-29 00:00:00",41631
"2021-09-30 00:00:00",41381
"2021-10-01 00:00:00",43752
"2021-10-02 00:00:00",48005
"2021-10-03 00:00:00",48116
"2021-10-04 00:00:00",48005
"2021-10-05 00:00:00",49263.24
"2021-10-06 00:00:00",51441.71
"2021-10-07 00:00:00",55283.53
"2021-10-08 00:00:00",53849.88
"2021-10-09 00:00:00",53969.35
"2021-10-10 00:00:00",54957.94
"2021-10-11 00:00:00",54682.03
"2021-10-12 00:00:00",57461.96
"2021-10-13 00:00:00",56019.34
"2021-10-14 00:00:00",57383.77
"2021-10-15 00:00:00",57340.3
"2021-10-16 00:00:00",61683.55
"2021-10-17 00:00:00",60869.72
"2021-10-18 00:00:00",61549.05
"2021-10-19 00:00:00",62040.21
"2021-10-20 00:00:00",64324.69
"2021-10-21 00:00:00",65977.08
"2021-10-22 00:00:00",62168.77
"2021-10-23 00:00:00",60691.35
"2021-10-24 00:00:00",61310.43
"2021-10-25 00:00:00",60893.81
"2021-10-26 00:00:00",63105.35
"2021-10-27 00:00:00",60334.4
"2021-10-28 00:00:00",58480.42
"2021-10-29 00:00:00",60573.91
"2021-10-30 00:00:00",62303.04
"2021-10-31 00:00:00",62073.47
"2021-11-01 00:00:00",61360.61
"2021-11-02 00:00:00",60954.7
"2021-11-03 00:00:00",63367.23
"2021-11-04 00:00:00",62936.82
"2021-11-05 00:00:00",61490.13
"2021-11-06 00:00:00",61010.64
"2021-11-07 00:00:00",61545.36
"2021-11-08 00:00:00",63432.3
"2021-11-09 00:00:00",67496.29
"2021-11-10 00:00:00",66996.53
"2021-11-11 00:00:00",64881.33
"2021-11-12 00:00:00",64792.91
"2021-11-13 00:00:00",64179.89
"2021-11-14 00:00:00",64470.94
"2021-11-15 00:00:00",65770.9
"2021-11-16 00:00:00",63429.83
"2021-11-17 00:00:00",60203.65
"2021-11-18 00:00:00",60383.83
"2021-11-19 00:00:00",57059.32
"2021-11-20 00:00:00",58181.98
"2021-11-21 00:00:00",59734.82
"2021-11-22 00:00:00",58749.25
"2021-11-23 00:00:00",56282.24
"2021-11-24 00:00:00",57603.61
"2021-11-25 00:00:00",57254.54
"2021-11-26 00:00:00",59015.25
"2021-11-27 00:00:00",53797.26
"2021-11-28 00:00:00",54670.01
"2021-11-29 00:00:00",57454.88
"2021-11-30 00:00:00",57812.67
"2021-12-01 00:00:00",56897.86
"2021-12-02 00:00:00",57211.28
"2021-12-03 00:00:00",56565.93
"2021-12-04 00:00:00",53689.66
"2021-12-05 00:00:00",49346.83
"2021-12-06 00:00:00",49490.11
"2021-12-07 00:00:00",50554.19
"2021-12-08 00:00:00",50655.67
"2021-12-09 00:00:00",50523.61
"2021-12-10 00:00:00",47610.1
"2021-12-11 00:00:00",47217.01
"2021-12-12 00:00:00",49454.03
"2021-12-13 00:00:00",50086.54
"2021-12-14 00:00:00",46638.92
"2021-12-15 00:00:00",48363.27
"2021-12-16 00:00:00",48885.36
"2021-12-17 00:00:00",47621.11
"2021-12-18 00:00:00",46230.19
"2021-12-19 00:00:00",46821.66
"2021-12-20 00:00:00",46664.43
"2021-12-21 00:00:00",46957.31
"2021-12-22 00:00:00",48958.56
"2021-12-23 00:00:00",48653.56
"2021-12-24 00:00:00",50867.89
"2021-12-25 00:00:00",50825.49
"2021-12-26 00:00:00",50394.7
"2021-12-27 00:00:00",50817.74
"2021-12-28 00:00:00",50661.73
"2021-12-29 00:00:00",47586.82
"2021-12-30 00:00:00",46525.69
"2021-12-31 00:00:00",47129.78
"2022-01-01 00:00:00",46234.35
"2022-01-02 00:00:00",47750.71
"2022-01-03 00:00:00",47268.11
"2022-01-04 00:00:00",46511.08
"2022-01-05 00:00:00",45879.53
"2022-01-06 00:00:00",43403.54
"2022-01-07 00:00:00",43105.84
"2022-01-08 00:00:00",41661.85
"2022-01-09 00:00:00",41680.35
"2022-01-11 00:00:00",41870.43
"2022-01-12 00:00:00",42762.71
"2022-01-13 00:00:00",43913.8
"2022-01-14 00:00:00",42608.72
"2022-01-15 00:00:00",43158.73
"2022-01-16 00:00:00",43089.7
"2022-01-17 00:00:00",43128.69
"2022-01-18 00:00:00",42282.74
"2022-01-19 00:00:00",42406.67
"2022-01-20 00:00:00",41751.2
"2022-01-21 00:00:00",40727.01
"2022-01-22 00:00:00",36741.64
"2022-01-23 00:00:00",35033.09
"2022-01-24 00:00:00",36153.18
"2022-01-25 00:00:00",36659.51
"2022-01-26 00:00:00",36902.39
"2022-01-27 00:00:00",36806.19
"2022-01-28 00:00:00",37307.55
"2022-01-29 00:00:00",37686.3
"2022-01-30 00:00:00",38167.63
"2022-01-31 00:00:00",37941.82
"2022-02-01 00:00:00",38368.49
"2022-02-02 00:00:00",38749.17
"2022-02-03 00:00:00",36944.46
"2022-02-04 00:00:00",37233.7
"2022-02-05 00:00:00",41442.6
"2022-02-06 00:00:00",41456.71
"2022-02-07 00:00:00",42488.31
"2022-02-08 00:00:00",43912.81
"2022-02-09 00:00:00",44141.64
"2022-02-10 00:00:00",44357.61
"2022-02-11 00:00:00",43448.9
"2022-02-12 00:00:00",42394.29
"2022-02-13 00:00:00",42217.05
"2022-02-14 00:00:00",42114.42
"2022-02-15 00:00:00",42576.74
"2022-02-16 00:00:00",44462.19
"2022-02-17 00:00:00",43894.31
"2022-02-18 00:00:00",40535.66
"2022-02-19 00:00:00",39999.6
"2022-02-20 00:00:00",40100.8
"2022-02-21 00:00:00",38404.41
"2022-02-22 00:00:00",37070.72
"2022-02-23 00:00:00",38257.02
"2022-02-24 00:00:00",37246.46
"2022-02-25 00:00:00",38333.16
"2022-02-26 00:00:00",39236.5
"2022-02-27 00:00:00",39133.93
"2022-02-28 00:00:00",37689.26
"2022-03-01 00:00:00",43246.75
"2022-03-02 00:00:00",44381.54
"2022-03-03 00:00:00",43938.95
"2022-03-04 00:00:00",42445.26
"2022-03-05 00:00:00",39167.17
"2022-03-06 00:00:00",39386.02
"2022-03-07 00:00:00",38443.15
"2022-03-08 00:00:00",38032.21
"2022-03-09 00:00:00",38772.54
"2022-03-10 00:00:00",41947.62
"2022-03-11 00:00:00",39428.85
"2022-03-12 00:00:00",38724.42
"2022-03-13 00:00:00",38774.59
"2022-03-14 00:00:00",37777.83
"2022-03-15 00:00:00",39691.32
"2022-03-16 00:00:00",39324.84
"2022-03-17 00:00:00",41145.92
"2022-03-18 00:00:00",40927.4
"2022-03-19 00:00:00",41810.33
"2022-03-20 00:00:00",42253.36
"2022-03-21 00:00:00",41253.82
"2022-03-22 00:00:00",40993.99
"2022-03-23 00:00:00",42388.01
"2022-03-24 00:00:00",42906.09
"2022-03-25 00:00:00",44003.85
"2022-03-26 00:00:00",44362.74
"2022-03-27 00:00:00",44540.45
"2022-03-28 00:00:00",46820.43
"2022-03-29 00:00:00",47161.84
"2022-03-30 00:00:00",47389.5
"2022-03-31 00:00:00",47015.97
"2022-04-01 00:00:00",45443.05
"2022-04-02 00:00:00",46140.45
"2022-04-03 00:00:00",45842.69
"2022-04-04 00:00:00",46402.23
"2022-04-05 00:00:00",46578.67
"2022-04-06 00:00:00",45467.01
"2022-04-07 00:00:00",43273.57
"2022-04-08 00:00:00",43449.29
"2022-04-09 00:00:00",42336.63
"2022-04-10 00:00:00",42738.25
"2022-04-11 00:00:00",42117.66
"2022-04-12 00:00:00",39651.32
"2022-04-13 00:00:00",40084.38
"2022-04-14 00:00:00",41087.21
"2022-04-15 00:00:00",39974.46
"2022-04-16 00:00:00",40538.29
"2022-04-17 00:00:00",40395.76
"2022-04-18 00:00:00",39680.89
"2022-04-19 00:00:00",40880.27
"2022-04-20 00:00:00",41448.91
"2022-04-21 00:00:00",41408.01
"2022-04-22 00:00:00",40319.38
"2022-04-23 00:00:00",39784.16
"2022-04-24 00:00:00",39492
"2022-04-25 00:00:00",39453.08
"2022-04-26 00:00:00",40521.89
"2022-04-27 00:00:00",38118.91
"2022-04-28 00:00:00",39241.67
"2022-04-29 00:00:00",39759.15
"2022-04-30 00:00:00",38583.59
"2022-05-01 00:00:00",37734.52
"2022-05-02 00:00:00",38475.23
"2022-05-03 00:00:00",38503.64
"2022-05-04 00:00:00",37679.35
"2022-05-06 00:00:00",36542.78
"2022-05-07 00:00:00",35987.11
"2022-05-08 00:00:00",35393.77
"2022-05-09 00:00:00",34019.51
"2022-05-10 00:00:00",30260.53
"2022-05-11 00:00:00",30950.95
"2022-05-12 00:00:00",28993.43
"2022-05-13 00:00:00",28890.39
"2022-05-14 00:00:00",29208.5
"2022-05-15 00:00:00",30067.72
"2022-05-16 00:00:00",31162.28
"2022-05-17 00:00:00",29849.9
"2022-05-18 00:00:00",30456.23
"2022-05-19 00:00:00",28715.73
"2022-05-20 00:00:00",30252.14
"2022-05-21 00:00:00",29157.96
"2022-05-22 00:00:00",29401.65
"2022-05-23 00:00:00",30235.62
"2022-05-24 00:00:00",29104.55
"2022-05-25 00:00:00",29658.86
"2022-05-26 00:00:00",29549.22
"2022-05-27 00:00:00",29262.5
"2022-05-28 00:00:00",28545.01
"2022-05-29 00:00:00",28983.31
"2022-05-30 00:00:00",29424.82
"2022-05-31 00:00:00",31735.84
"2022-06-01 00:00:00",31819.72
"2022-06-04 00:00:00",29673.12
"2022-06-05 00:00:00",29825.69
"2022-06-06 00:00:00",29894.1
"2022-06-07 00:00:00",31259.2
"2022-06-08 00:00:00",31165.32
"2022-06-09 00:00:00",30165.67
"2022-06-10 00:00:00",30062.92
"2022-06-11 00:00:00",29039.4
"2022-06-12 00:00:00",28366.85
"2022-06-13 00:00:00",26591.79
"2022-06-14 00:00:00",22384.2
"2022-06-15 00:00:00",21983.94
"2022-06-16 00:00:00",22672.03
"2022-06-17 00:00:00",20276.79
"2022-06-18 00:00:00",20477.09
"2022-06-19 00:00:00",18920.66
"2022-06-20 00:00:00",20500.96
"2022-06-21 00:00:00",20554.35
"2022-06-22 00:00:00",20615.46
"2022-06-23 00:00:00",19950.25
"2022-06-24 00:00:00",21056.78
"2022-06-25 00:00:00",21226.06
"2022-06-26 00:00:00",21470.81
"2022-06-27 00:00:00",21019.22
"2022-06-28 00:00:00",20731.45
"2022-06-29 00:00:00",20270.5
"2022-06-30 00:00:00",20109.91
"2022-07-01 00:00:00",19719.07
"2022-07-02 00:00:00",19237.17
"2022-07-03 00:00:00",19233.7
"2022-07-04 00:00:00",19276.31
"2022-07-05 00:00:00",20176.7
"2022-07-06 00:00:00",20209.87
"2022-07-07 00:00:00",20529.54
"2022-07-08 00:00:00",21617.44
"2022-07-09 00:00:00",21594.48
"2022-07-10 00:00:00",21591.02
"2022-07-11 00:00:00",20797.45
"2022-07-12 00:00:00",19927.04
"2022-07-13 00:00:00",19257.06
"2022-07-14 00:00:00",20373.22
"2022-07-15 00:00:00",20575.39
"2022-07-16 00:00:00",20807.02
"2022-07-17 00:00:00",21238.57
"2022-07-18 00:00:00",20801.03
"2022-07-19 00:00:00",22322.19
"2022-07-20 00:00:00",23407.79
"2022-07-21 00:00:00",23296.85
"2022-07-22 00:00:00",23118.31
"2022-07-23 00:00:00",22671.9
"2022-07-24 00:00:00",22615.92
"2022-07-25 00:00:00",22581.55
"2022-07-26 00:00:00",21234.95
"2022-07-27 00:00:00",21235.56
"2022-07-28 00:00:00",22936.9
"2022-07-29 00:00:00",23866.82
"2022-07-30 00:00:00",23811.58
"2022-07-31 00:00:00",23597.03
"2022-08-01 00:00:00",23295.03
"2022-08-02 00:00:00",23279.97
"2022-08-03 00:00:00",22978.56
"2022-08-04 00:00:00",22824.13
"2022-08-05 00:00:00",22615.49
"2022-08-06 00:00:00",23292.93
"2022-08-07 00:00:00",22942.16
"2022-08-08 00:00:00",23182.31
"2022-08-09 00:00:00",23828.55
"2022-08-10 00:00:00",23099.28
"2022-08-11 00:00:00",23992.2
"2022-08-12 00:00:00",23951.53
"2022-08-13 00:00:00",24394.21
"2022-08-14 00:00:00",24445.66
"2022-08-15 00:00:00",24293.98
"2022-08-16 00:00:00",24062.23
"2022-08-17 00:00:00",23852.2
"2022-08-18 00:00:00",23349.95
"2022-08-19 00:00:00",23165.26
"2022-08-20 00:00:00",20845.93
"2022-08-21 00:00:00",21159.4
"2022-08-22 00:00:00",21474.66
"2022-08-23 00:00:00",21414.05
"2022-08-24 00:00:00",21535.98
"2022-08-25 00:00:00",21355.98
"2022-08-26 00:00:00",21528.5
"2022-08-27 00:00:00",20208.67
"2022-08-28 00:00:00",20002.04
"2022-08-29 00:00:00",19613.97
"2022-08-30 00:00:00",20257.62
"2022-08-31 00:00:00",19820.36
"2022-09-01 00:00:00",20097.85
"2022-09-02 00:00:00",20089.75
"2022-09-03 00:00:00",19935.55
"2022-09-04 00:00:00",19832.72
"2022-09-05 00:00:00",20038.47
"2022-09-06 00:00:00",19794.86
"2022-09-07 00:00:00",18822.18
"2022-09-08 00:00:00",19344.81
"2022-09-09 00:00:00",19327.99
"2022-09-10 00:00:00",21355.04
"2022-09-11 00:00:00",21658.21
"2022-09-12 00:00:00",21772.04
"2022-09-13 00:00:00",22377.1
"2022-09-14 00:00:00",20149.5
"2022-09-15 00:00:00",20223.24
"2022-09-16 00:00:00",19681.73
"2022-09-17 00:00:00",19795.86
"2022-09-18 00:00:00",20065.83
"2022-09-19 00:00:00",19436.93
"2022-09-20 00:00:00",19558.17
"2022-09-21 00:00:00",18922.57
"2022-09-22 00:00:00",18481.11
"2022-09-23 00:00:00",19399.68
"2022-09-24 00:00:00",19296.04
"2022-09-25 00:00:00",18929.35
"2022-09-26 00:00:00",18783.86
"2022-09-27 00:00:00",19196.88
"2022-09-28 00:00:00",19089.33
"2022-09-29 00:00:00",19442.52
"2022-09-30 00:00:00",19532.03
"2022-10-01 00:00:00",19415.77
"2022-10-02 00:00:00",19306.62
"2022-10-03 00:00:00",19031.59
"2022-10-04 00:00:00",19614.91
"2022-10-05 00:00:00",20339.54
"2022-10-06 00:00:00",20186.04
"2022-10-07 00:00:00",19955.51
"2022-10-08 00:00:00",19534.16
"2022-10-09 00:00:00",19427.75
"2022-10-10 00:00:00",19423.45
"2022-10-11 00:00:00",19073.7
"2022-10-12 00:00:00",19048.55
"2022-10-13 00:00:00",19163.16
"2022-10-14 00:00:00",19382.59
"2022-10-15 00:00:00",19185.35
"2022-10-16 00:00:00",19097.31
"2022-10-17 00:00:00",19291.67
"2022-10-18 00:00:00",19536.42
"2022-10-19 00:00:00",19344.48
"2022-10-20 00:00:00",19120.87
"2022-10-21 00:00:00",19044.65
"2022-10-22 00:00:00",19164.49
"2022-10-23 00:00:00",19215.82
"2022-10-24 00:00:00",19581.85
"2022-10-25 00:00:00",19303.79
"2022-10-26 00:00:00",20128.88
"2022-10-27 00:00:00",20779.6
"2022-10-28 00:00:00",20296.3
"2022-10-29 00:00:00",20572.8
"2022-10-30 00:00:00",20820.65
"2022-10-31 00:00:00",20645.22
"2022-11-01 00:00:00",20472.61
"2022-11-02 00:00:00",20473.23
"2022-11-03 00:00:00",20142.8
"2022-11-04 00:00:00",20197.26
"2022-11-05 00:00:00",21159.6
"2022-11-06 00:00:00",21303.99
"2022-11-07 00:00:00",20908
"2022-11-08 00:00:00",20624.37
"2022-11-09 00:00:00",18440.09
"2022-11-10 00:00:00",15803.22
"2022-11-11 00:00:00",17572.8
"2022-11-12 00:00:00",17001.86
"2022-11-13 00:00:00",16774.25
"2022-11-14 00:00:00",16344.75
"2022-11-15 00:00:00",16607.16
"2022-11-16 00:00:00",16889.99
"2022-11-17 00:00:00",16674.68
"2022-11-18 00:00:00",16691.34
"2022-11-19 00:00:00",16677.7
"2022-11-20 00:00:00",16686.22
"2022-11-21 00:00:00",16231.54
"2022-11-22 00:00:00",15773.92
"2022-11-23 00:00:00",16210.52
"2022-11-24 00:00:00",16590.83
"2022-11-25 00:00:00",16582.38
"2022-11-26 00:00:00",16511.04
"2022-11-27 00:00:00",16455.13
"2022-11-28 00:00:00",16429.32
"2022-11-29 00:00:00",16199.51
"2022-11-30 00:00:00",16444.14
"2022-12-01 00:00:00",17180.48
"2022-12-02 00:00:00",16977.79
"2022-12-03 00:00:00",17089.59
"2022-12-04 00:00:00",16892.99
"2022-12-05 00:00:00",17098.99
"2022-12-06 00:00:00",16967.2
"2022-12-07 00:00:00",17090.8
"2022-12-08 00:00:00",16839.61
"2022-12-09 00:00:00",17233.46
"2022-12-10 00:00:00",17129.89
"2022-12-11 00:00:00",17128.97
"2022-12-12 00:00:00",17079.04
"2022-12-13 00:00:00",17218.28
"2022-12-14 00:00:00",17774.39
"2022-12-15 00:00:00",17816.41
"2022-12-16 00:00:00",17352.77
"2022-12-17 00:00:00",16615.3
"2022-12-18 00:00:00",16787.82
"2022-12-19 00:00:00",16754.22
"2022-12-20 00:00:00",16443.56
"2022-12-21 00:00:00",16895.39
"2022-12-22 00:00:00",16819.53
"2022-12-23 00:00:00",16814.09
"2022-12-24 00:00:00",16780.19
"2022-12-25 00:00:00",16837.6
"2022-12-26 00:00:00",16830.54
"2022-12-27 00:00:00",16954.44
"2022-12-28 00:00:00",16690.88
"2022-12-29 00:00:00",16536.08
"2022-12-30 00:00:00",16626.53
"2022-12-31 00:00:00",16596.41
"2023-01-01 00:00:00",16531.92
"2023-01-02 00:00:00",16614.61
"2023-01-03 00:00:00",16659.18
"2023-01-04 00:00:00",16666.29
"2023-01-05 00:00:00",16852.73
"2023-01-06 00:00:00",16826.79
"2023-01-07 00:00:00",16952.93
"2023-01-08 00:00:00",16948.24
"2023-01-09 00:00:00",17128.38
"2023-01-10 00:00:00",17183.45
"2023-01-11 00:00:00",17443.31
"2023-01-12 00:00:00",17936.43
"2023-01-13 00:00:00",18864.73
"2023-01-14 00:00:00",19903.82
"2023-01-15 00:00:00",20984.13
"2023-01-16 00:00:00",20884.78
"2023-01-17 00:00:00",21133.21
"2023-01-18 00:00:00",21154.56
"2023-01-19 00:00:00",20716.96
"2023-01-20 00:00:00",21077.58
"2023-01-21 00:00:00",22681.75
"2023-01-22 00:00:00",22752.5
"2023-01-23 00:00:00",22705.3
"2023-01-24 00:00:00",22908.21
"2023-01-25 00:00:00",22635.56
"2023-01-26 00:00:00",23096.27
"2023-01-27 00:00:00",23023.03
"2023-01-28 00:00:00",23073.31
"2023-01-29 00:00:00",23036.18
"2023-01-30 00:00:00",23753.04
"2023-01-31 00:00:00",22829.02
"2023-02-01 00:00:00",23133.64
"2023-02-02 00:00:00",23765.12
"2023-02-03 00:00:00",23544.54
"2023-02-04 00:00:00",23423.81
"2023-02-05 00:00:00",23318.19
"2023-02-06 00:00:00",22963.27
"2023-02-07 00:00:00",22753.99
"2023-02-08 00:00:00",23263.48
"2023-02-09 00:00:00",22974.43
"2023-02-10 00:00:00",21795.88
"2023-02-11 00:00:00",21638.34
"2023-02-12 00:00:00",21883.96
"2023-02-13 00:00:00",21775.8
"2023-02-14 00:00:00",21783.26
"2023-02-15 00:00:00",22197.54
"2023-02-16 00:00:00",24315.99
"2023-02-17 00:00:00",23480.52
"2023-02-18 00:00:00",24567.07
"2023-02-19 00:00:00",24635.76
"2023-02-20 00:00:00",24306.02
"2023-02-21 00:00:00",24827.75
"2023-02-22 00:00:00",24452.62
"2023-02-23 00:00:00",24191.2
"2023-02-24 00:00:00",23931.85
"2023-02-25 00:00:00",23184.56
"2023-02-26 00:00:00",23154.43
"2023-02-27 00:00:00",23555.39
"2023-02-28 00:00:00",23493.69
"2023-03-01 00:00:00",23147.42
"2023-03-02 00:00:00",23640.56
"2023-03-03 00:00:00",23469.57
"2023-03-04 00:00:00",22340.3
"2023-03-05 00:00:00",22349.97
"2023-03-06 00:00:00",22433.16
"2023-03-07 00:00:00",22415.77
"2023-03-08 00:00:00",22210.53
"2023-03-09 00:00:00",21685.39
"2023-03-10 00:00:00",20344.47
"2023-03-11 00:00:00",20231.03
"2023-03-12 00:00:00",20606.35
"2023-03-13 00:00:00",22231.18
"2023-03-14 00:00:00",24231.18
"2023-03-15 00:00:00",24780.41
"2023-03-16 00:00:00",24361.83
"2023-03-17 00:00:00",25044.26
"2023-03-18 00:00:00",27407.26
"2023-03-19 00:00:00",27005.95
"2023-03-20 00:00:00",28078.16
"2023-03-21 00:00:00",27800.97
"2023-03-22 00:00:00",28183.17
"2023-03-23 00:00:00",27306.25
"2023-03-24 00:00:00",28348.8
"2023-03-25 00:00:00",27479.26
"2023-03-26 00:00:00",27503.75
"2023-03-27 00:00:00",27979.97
"2023-03-28 00:00:00",27163.27
"2023-03-29 00:00:00",27266.85
"2023-03-30 00:00:00",28363.93
"2023-03-31 00:00:00",28041.45
"2023-04-01 00:00:00",28485.75
"2023-04-02 00:00:00",28472.18
"2023-04-03 00:00:00",28172.49
"2023-04-04 00:00:00",27796.28
"2023-04-05 00:00:00",28168.5
"2023-04-06 00:00:00",28166.8
"2023-04-07 00:00:00",28047.82
"2023-04-08 00:00:00",27925.45
"2023-04-09 00:00:00",27956.78
"2023-04-10 00:00:00",28326.97
"2023-04-11 00:00:00",29667.22
"2023-04-12 00:00:00",30246.82
"2023-04-13 00:00:00",29911.92
"2023-04-14 00:00:00",30411.26
"2023-04-15 00:00:00",30478.61
"2023-04-16 00:00:00",30319.72
"2023-04-17 00:00:00",30321.52
"2023-04-18 00:00:00",29447.33
"2023-04-19 00:00:00",30366.45
"2023-04-20 00:00:00",28809.86
"2023-04-21 00:00:00",28264.1
"2023-04-22 00:00:00",27269.62
"2023-04-23 00:00:00",27800.26
"2023-04-24 00:00:00",27578.62
"2023-04-25 00:00:00",27510.5
"2023-04-26 00:00:00",28285.9
"2023-04-27 00:00:00",28419.9
"2023-04-28 00:00:00",29468.27
"2023-04-29 00:00:00",29342.29
"2023-04-30 00:00:00",29243.07
"2023-05-01 00:00:00",29237.61
"2023-05-02 00:00:00",28025.31
"2023-05-03 00:00:00",28657.02
"2023-05-04 00:00:00",29066.8
"2023-05-05 00:00:00",28853.59
"2023-05-06 00:00:00",29537.97
"2023-05-07 00:00:00",28912.58
"2023-05-08 00:00:00",28423.94
"2023-05-09 00:00:00",27675
"2023-05-10 00:00:00",27639.45
"2023-05-11 00:00:00",27619.55
"2023-05-12 00:00:00",27006.86
"2023-05-13 00:00:00",26795.75
"2023-05-14 00:00:00",26800.35
"2023-05-15 00:00:00",26938.07
"2023-05-16 00:00:00",27167.85
"2023-05-17 00:00:00",27026.28
"2023-05-18 00:00:00",27395.69
"2023-05-19 00:00:00",26822.8
"2023-05-20 00:00:00",26887.18
"2023-05-21 00:00:00",27100.12
"2023-05-22 00:00:00",26765.04
"2023-05-23 00:00:00",26847.93
"2023-05-24 00:00:00",27217.14
"2023-05-25 00:00:00",26333.1
"2023-05-26 00:00:00",26481.01
"2023-05-27 00:00:00",26699.52
"2023-05-28 00:00:00",26862.83
"2023-05-29 00:00:00",28169.39
"2023-05-30 00:00:00",27754.54
"2023-05-31 00:00:00",27700.55
"2023-06-01 00:00:00",27233.49
"2023-06-02 00:00:00",26811.79
"2023-06-03 00:00:00",27248.15
"2023-06-04 00:00:00",27066.6
"2023-06-05 00:00:00",27074.57
"2023-06-06 00:00:00",25744.51
"2023-06-07 00:00:00",27199.63
"2023-06-08 00:00:00",26347.92
"2023-06-09 00:00:00",26520.64
"2023-06-10 00:00:00",26484.27
"2023-06-11 00:00:00",25864.94
"2023-06-12 00:00:00",25929.02
"2023-06-13 00:00:00",25893.63
"2023-06-14 00:00:00",25932.67
"2023-06-15 00:00:00",25098.13
"2023-06-16 00:00:00",25513.34
"2023-06-17 00:00:00",26323.19
"2023-06-18 00:00:00",26511.48
"2023-06-19 00:00:00",26366.79
"2023-06-20 00:00:00",26813.49
"2023-06-21 00:00:00",28287.36
"2023-06-22 00:00:00",29980.05
"2023-06-23 00:00:00",29908.06
"2023-06-24 00:00:00",30669.14
"2023-06-25 00:00:00",30546.07
"2023-06-26 00:00:00",30454.58
"2023-06-27 00:00:00",30251.41
"2023-06-28 00:00:00",30686.33
"2023-06-29 00:00:00",30094
"2023-06-30 00:00:00",30439.32
"2023-07-01 00:00:00",30470.86
"2023-07-02 00:00:00",30591.1
"2023-07-03 00:00:00",30621.7
"2023-07-04 00:00:00",31151.95
"2023-07-05 00:00:00",30786.21
"2023-07-06 00:00:00",30478.55
"2023-07-07 00:00:00",29824.25
"2023-07-08 00:00:00",30339.12
"2023-07-09 00:00:00",30310.68
"2023-07-10 00:00:00",30157.93
"2023-07-11 00:00:00",30423.75
"2023-07-12 00:00:00",30620.9
"2023-07-13 00:00:00",30383.34
"2023-07-14 00:00:00",31488.77
"2023-07-15 00:00:00",30306.7
"2023-07-16 00:00:00",30297.86
"2023-07-17 00:00:00",30114.22
"2023-07-18 00:00:00",30154.51
"2023-07-19 00:00:00",29848.89
"2023-07-20 00:00:00",29906.45
"2023-07-21 00:00:00",29800.62
"2023-07-22 00:00:00",29912.58
"2023-07-23 00:00:00",29795.08
"2023-07-24 00:00:00",30080.08
"2023-07-25 00:00:00",29170.74
"2023-07-26 00:00:00",29225.45
"2023-07-27 00:00:00",29342.49
"2023-07-28 00:00:00",29215.37
"2023-07-29 00:00:00",29306.47
"2023-07-30 00:00:00",29359.98
"2023-07-31 00:00:00",29282.43
"2023-08-01 00:00:00",29224.93
"2023-08-02 00:00:00",29710.46
"2023-08-03 00:00:00",29156.3
"2023-08-04 00:00:00",29190.16
"2023-08-05 00:00:00",29077.02
"2023-08-06 00:00:00",29046.84
"2023-08-07 00:00:00",29043.08
"2023-08-08 00:00:00",29181.15
"2023-08-09 00:00:00",29790.95
"2023-08-10 00:00:00",29559.56
"2023-08-11 00:00:00",29422.34
"2023-08-12 00:00:00",29399.02
"2023-08-13 00:00:00",29416.14
"2023-08-14 00:00:00",29273.38
"2023-08-15 00:00:00",29401.64
"2023-08-16 00:00:00",29170.69
"2023-08-17 00:00:00",28675.54
"2023-08-18 00:00:00",26597.62
"2023-08-19 00:00:00",26055.3
"2023-08-20 00:00:00",26083.96
"2023-08-21 00:00:00",26186
"2023-08-22 00:00:00",26131.32
"2023-08-23 00:00:00",26028.24
"2023-08-24 00:00:00",26427.59
"2023-08-25 00:00:00",26174.69
"2023-08-26 00:00:00",26050.16
"2023-08-27 00:00:00",25999.3
"2023-08-28 00:00:00",26066.64
"2023-08-29 00:00:00",26104.11
"2023-08-30 00:00:00",27734.31
"2023-08-31 00:00:00",27300.1
"2023-09-01 00:00:00",25950.59
"2023-09-02 00:00:00",25795.86
"2023-09-03 00:00:00",25865.37
"2023-09-04 00:00:00",25968.41
"2023-09-05 00:00:00",25810.11
"2023-09-06 00:00:00",25775.33
"2023-09-07 00:00:00",25751.87
"2023-09-08 00:00:00",26247.93
"2023-09-09 00:00:00",25900.94
"2023-09-10 00:00:00",25897.95
"2023-09-11 00:00:00",25827.12
"2023-09-12 00:00:00",25170.63
"2023-09-13 00:00:00",25848.65
"2023-09-14 00:00:00",26217.48
"2023-09-15 00:00:00",26515.21
"2023-09-16 00:00:00",26601.53
"2023-09-17 00:00:00",26566.34
"2023-09-18 00:00:00",26532.29
"2023-09-19 00:00:00",26774.35
"2023-09-20 00:00:00",27216.43
"2023-09-21 00:00:00",27110.9
"2023-09-22 00:00:00",26579.85
"2023-09-23 00:00:00",26589.66
"2023-09-24 00:00:00",26576.73
"2023-09-25 00:00:00",26222.56
"2023-09-26 00:00:00",26294.97
"2023-09-27 00:00:00",26217.14
"2023-09-28 00:00:00",26364.36
"2023-09-29 00:00:00",27033.04
"2023-09-30 00:00:00",26902.77
"2023-10-01 00:00:00",26961.37
"2023-10-02 00:00:00",28025.53
"2023-10-03 00:00:00",27536.71
"2023-10-04 00:00:00",27421.08
"2023-10-05 00:00:00",27768.88
"2023-10-06 00:00:00",27425.77
"2023-10-07 00:00:00",27923.34
"2023-10-08 00:00:00",27976.85
"2023-10-09 00:00:00",27932.9
"2023-10-10 00:00:00",27605.67
"2023-10-11 00:00:00",27409.54
"2023-10-12 00:00:00",26855.01
"2023-10-13 00:00:00",26752.13
"2023-10-14 00:00:00",26865.94
"2023-10-15 00:00:00",26858.51
"2023-10-16 00:00:00",27164.02
"2023-10-17 00:00:00",28514.87
"2023-10-18 00:00:00",28405.56
"2023-10-19 00:00:00",28312.98
"2023-10-20 00:00:00",28766.41
"2023-10-21 00:00:00",29675.28
"2023-10-22 00:00:00",29907.84
"2023-10-23 00:00:00",29961.79
"2023-10-24 00:00:00",33056.73
"2023-10-25 00:00:00",33917.41
"2023-10-26 00:00:00",34488.06
"2023-10-27 00:00:00",34151.47
"2023-10-28 00:00:00",33907.61
"2023-10-29 00:00:00",34056.72
"2023-10-30 00:00:00",34568.99
"2023-10-31 00:00:00",34495.84
"2023-11-01 00:00:00",34657.54
"2023-11-02 00:00:00",35491.83
"2023-11-03 00:00:00",34886.24
"2023-11-04 00:00:00",34703.24
"2023-11-05 00:00:00",35096.67
"2023-11-06 00:00:00",34984.6
"2023-11-07 00:00:00",35030.74
"2023-11-08 00:00:00",35407.99
"2023-11-09 00:00:00",35634.38
"2023-11-10 00:00:00",36675.6
"2023-11-11 00:00:00",37327.28
"2023-11-12 00:00:00",37186.25
"2023-11-13 00:00:00",37067.17
"2023-11-14 00:00:00",36472.19
"2023-11-15 00:00:00",35541.14
"2023-11-16 00:00:00",37859.73
"2023-11-17 00:00:00",36140.3
"2023-11-18 00:00:00",36610.71
"2023-11-19 00:00:00",36572.82
"2023-11-20 00:00:00",37365.43
"2023-11-21 00:00:00",37474.85
"2023-11-22 00:00:00",35779.28
"2023-11-23 00:00:00",37447.72
"2023-11-24 00:00:00",37311.19
"2023-11-25 00:00:00",37731.2
"2023-11-26 00:00:00",37799.44
"2023-11-27 00:00:00",37466.96
"2023-11-28 00:00:00",37236.1
"2023-11-29 00:00:00",37818.72
"2023-11-30 00:00:00",37848.32
"2023-12-01 00:00:00",37707.31
"2023-12-02 00:00:00",38715.01
"2023-12-03 00:00:00",39443.45
"2023-12-04 00:00:00",40034.06
"2023-12-05 00:00:00",41818.48
"2023-12-06 00:00:00",44054.66
"2023-12-07 00:00:00",43770.7
"2023-12-08 00:00:00",43349.9
"2023-12-09 00:00:00",44245.59
"2023-12-10 00:00:00",43752.14
"2023-12-11 00:00:00",43791.09
"2023-12-12 00:00:00",41237.97
"2023-12-13 00:00:00",41405.32
"2023-12-14 00:00:00",42895.27
"2023-12-15 00:00:00",42989.17
"2023-12-16 00:00:00",41987.56
"2023-12-17 00:00:00",42246.36
"2023-12-18 00:00:00",41382.33
"2023-12-19 00:00:00",42645.87
"2023-12-20 00:00:00",42301.81
"2023-12-21 00:00:00",43615.39
"2023-12-22 00:00:00",43880.03
"2023-12-23 00:00:00",43988.59
"2023-12-24 00:00:00",43716.55
"2023-12-25 00:00:00",43011.67
"2023-12-26 00:00:00",43593.67
"2023-12-27 00:00:00",42541.28
"2023-12-28 00:00:00",43434.59
"2023-12-29 00:00:00",42641.67
"2023-12-30 00:00:00",42045.39
"2023-12-31 00:00:00",42192.34
"2024-01-01 00:00:00",42312.7
"2024-01-02 00:00:00",44210.93
"2024-01-03 00:00:00",45051.45
"2024-01-04 00:00:00",42872.45
"2024-01-05 00:00:00",44247.43
"2024-01-06 00:00:00",44109.02
"2024-01-07 00:00:00",43998.84
"2024-01-08 00:00:00",43952.15
"2024-01-09 00:00:00",46967.68
"2024-01-10 00:00:00",46055.81
"2024-01-11 00:00:00",46502.67
"2024-01-12 00:00:00",46314.17
"2024-01-13 00:00:00",42805.6
"2024-01-14 00:00:00",42837.14
"2024-01-15 00:00:00",41704.78
"2024-01-16 00:00:00",42501.01
"2024-01-17 00:00:00",43143.77
"2024-01-18 00:00:00",42738.31
"2024-01-19 00:00:00",41246.84
"2024-01-20 00:00:00",41630.51
"2024-01-21 00:00:00",41663.59
"2024-01-22 00:00:00",41576.83
"2024-01-23 00:00:00",39489.4
"2024-01-24 00:00:00",39832.21
"2024-01-25 00:00:00",40048.41
"2024-01-26 00:00:00",39921.04
"2024-01-27 00:00:00",41811.16
"2024-01-28 00:00:00",42148.78
"2024-01-29 00:00:00",42000.2
"2024-01-30 00:00:00",43289.36
"2024-01-31 00:00:00",42989.57
"2024-02-01 00:00:00",42559.54
"2024-02-02 00:00:00",43097.4
"2024-02-03 00:00:00",43209.5
"2024-02-04 00:00:00",42987.06
"2024-02-05 00:00:00",42574.43
"2024-02-06 00:00:00",42655.69
"2024-02-07 00:00:00",43088.66
"2024-02-08 00:00:00",44375.23
"2024-02-09 00:00:00",45339.03
"2024-02-10 00:00:00",47170.53
"2024-02-11 00:00:00",47785
"2024-02-12 00:00:00",48309.72
"2024-02-13 00:00:00",49959.84
"2024-02-14 00:00:00",49706.38
"2024-02-15 00:00:00",51847.94
"2024-02-16 00:00:00",51938.86
"2024-02-17 00:00:00",52169.41
"2024-02-18 00:00:00",51683.2
"2024-02-19 00:00:00",52152.49
"2024-02-20 00:00:00",51756.78
"2024-02-21 00:00:00",52289.79
"2024-02-22 00:00:00",51838.91
"2024-02-23 00:00:00",51270.54
"2024-02-24 00:00:00",50727.13
"2024-02-25 00:00:00",51553.3
"2024-02-26 00:00:00",51736.89
"2024-02-27 00:00:00",54594.42
"2024-02-28 00:00:00",57082
"2024-02-29 00:00:00",62441.52
"2024-03-01 00:00:00",61210.07
"2024-03-02 00:00:00",62451.83
"2024-03-03 00:00:00",62026.58
"2024-03-04 00:00:00",63177.97
"2024-03-05 00:00:00",68254.41
"2024-03-06 00:00:00",63879.32
"2024-03-07 00:00:00",66097.98
"2024-03-08 00:00:00",66911.21
"2024-03-09 00:00:00",68340.08
"2024-03-10 00:00:00",68496.3
"2024-03-11 00:00:00",69001.91
"2024-03-12 00:00:00",72201.8
"2024-03-13 00:00:00",71469.86
"2024-03-14 00:00:00",73088.03
"2024-03-15 00:00:00",71418.54
"2024-03-16 00:00:00",69510.57
"2024-03-17 00:00:00",65479.44
"2024-03-18 00:00:00",68327.63
"2024-03-19 00:00:00",67622.4
"2024-03-20 00:00:00",61957.12
"2024-03-21 00:00:00",67884.04
"2024-03-22 00:00:00",65478.42
"2024-03-23 00:00:00",63716.77
"2024-03-24 00:00:00",64013.5
"2024-03-25 00:00:00",67279.99
"2024-03-26 00:00:00",69955.88
"2024-03-27 00:00:00",69981.64
"2024-03-28 00:00:00",69397.92
"2024-03-29 00:00:00",70764.71
"2024-03-30 00:00:00",69927.53
"2024-03-31 00:00:00",69650.96
"2024-04-01 00:00:00",71203.7
"2024-04-02 00:00:00",69696.19
"2024-04-03 00:00:00",65503.12
"2024-04-04 00:00:00",65969.11
"2024-04-05 00:00:00",68487.98
"2024-04-06 00:00:00",67866.98
"2024-04-07 00:00:00",68964.34
"2024-04-08 00:00:00",69351.55
"2024-04-09 00:00:00",71606.15
"2024-04-10 00:00:00",69103.59
"2024-04-11 00:00:00",70553.73
"2024-04-12 00:00:00",70012.47
"2024-04-13 00:00:00",67125.77
"2024-04-14 00:00:00",63997.02
"2024-04-15 00:00:00",65619.01
"2024-04-16 00:00:00",63359.11
"2024-04-17 00:00:00",63831.09
"2024-04-18 00:00:00",61271.6
"2024-04-19 00:00:00",63455.96
"2024-04-20 00:00:00",63840.34
"2024-04-21 00:00:00",64925.29
"2024-04-22 00:00:00",64959.94
"2024-04-23 00:00:00",66828.59
"2024-04-24 00:00:00",66456.71
"2024-04-25 00:00:00",64205.98
"2024-04-26 00:00:00",64508.06
"2024-04-27 00:00:00",63752.19
"2024-04-28 00:00:00",63449.2
"2024-04-29 00:00:00",62996.98
"2024-04-30 00:00:00",63809.68
"2024-05-01 00:00:00",60681.88
"2024-05-02 00:00:00",58248.32
"2024-05-03 00:00:00",59080.03
"2024-05-04 00:00:00",62888.43
"2024-05-05 00:00:00",63978.65
"2024-05-06 00:00:00",64049.95
"2024-05-07 00:00:00",63147.28
"2024-05-08 00:00:00",62344.59
"2024-05-09 00:00:00",61153.62
"2024-05-10 00:00:00",63081.36
"2024-05-11 00:00:00",60810.86
"2024-05-12 00:00:00",60794.64
"2024-05-13 00:00:00",61489.74
"2024-05-14 00:00:00",62910.58